{
  "project_info": {
    "project_number": "886706885383",
    "project_id": "login-e5117",
    "storage_bucket": "login-e5117.appspot.com"
  },
  "client": [
    {
      "client_info": {
        "mobilesdk_app_id": "1:886706885383:android:58751c12a39ffea1bcaba2",
        "android_client_info": {
          "package_name": "com.example.loginsystem"
        }
      },
      "oauth_client": [
        {
          "client_id": "886706885383-se1emg1d1ao3tqml6hvfbpv6f3vpudor.apps.googleusercontent.com",
          "client_type": 3
        }
      ],
      "api_key": [
        {
          "current_key": "AIzaSyA6Cpzo8tKdUSJvSsBG94OLWn76n-goVtM"
        }
      ],
      "services": {
        "appinvite_service": {
          "other_platform_oauth_client": [
            {
              "client_id": "886706885383-se1emg1d1ao3tqml6hvfbpv6f3vpudor.apps.googleusercontent.com",
              "client_type": 3
            }
          ]
        }
      }
    }
  ],
  "configuration_version": "1"
}